Station,date,dsp_toxins
ETJ1,2021-01-06,36.0
ETJ1,2021-01-13,36.0
ETJ1,2021-01-20,36.0
ETJ1,2021-01-26,36.0
ETJ1,2021-02-03,36.0
ETJ1,2021-02-10,36.0
ETJ1,2021-02-17,36.0
ETJ1,2021-02-24,36.0
ETJ1,2021-03-02,36.0
ETJ1,2021-03-11,56.71911126005949
ETJ1,2021-03-17,58.653569615092245
ETJ1,2021-03-22,36.0
ETJ1,2021-03-29,36.0
ETJ1,2021-04-05,36.0
ETJ1,2021-04-15,36.0
ETJ1,2021-04-20,36.0
ETJ1,2021-04-26,36.0
ETJ1,2021-05-05,36.0
ETJ1,2021-05-13,36.0
ETJ1,2021-05-19,36.0
ETJ1,2021-05-25,36.0
ETJ1,2021-05-31,66.0
ETJ1,2021-06-08,87.52980975608715
ETJ1,2021-06-30,36.0
ETJ1,2021-07-07,36.0
ETJ1,2021-07-13,36.0
ETJ1,2021-07-22,36.0
ETJ1,2021-07-28,211.4886198860223
ETJ1,2021-08-02,101.34829324717948
ETJ1,2021-08-11,92.77205467751699
ETJ1,2021-08-16,25.05
ETJ1,2021-08-23,36.0
ETJ1,2021-08-30,60.82332578523751
ETJ1,2021-09-07,151.16078388510965
ETJ1,2021-09-14,88.83722114722188
ETJ1,2021-09-20,55.25255896323838
ETJ1,2021-09-28,69.46095972816514
ETJ1,2021-10-06,36.0
ETJ1,2021-10-12,36.0
ETJ1,2021-10-19,36.0
ETJ1,2021-10-27,36.0
ETJ1,2021-11-03,36.0
ETJ1,2021-11-11,36.0
ETJ1,2021-11-19,36.0
ETJ1,2021-11-23,36.0
ETJ1,2021-11-29,36.0
ETJ1,2021-12-07,36.0
ETJ1,2021-12-14,36.0
ETJ1,2021-12-21,36.0
ETJ1,2021-12-27,36.0
ETJ1,2022-01-04,36.0
ETJ1,2022-01-10,36.0
ETJ1,2022-01-18,36.0
ETJ1,2022-01-24,36.0
ETJ1,2022-02-01,36.0
ETJ1,2022-02-07,36.0
ETJ1,2022-02-16,36.0
ETJ1,2022-02-24,36.0
ETJ1,2022-02-28,36.0
ETJ1,2022-03-09,36.0
ETJ1,2022-03-16,36.0
ETJ1,2022-03-22,36.0
ETJ1,2022-03-30,36.0
ETJ1,2022-04-06,36.0
ETJ1,2022-04-11,36.0
ETJ1,2022-04-19,36.0
ETJ1,2022-04-27,36.0
ETJ1,2022-05-03,36.0
ETJ1,2022-05-10,36.0
ETJ1,2022-05-25,256.0
ETJ1,2022-06-01,151.52036156672438
ETJ1,2022-06-06,82.86168949605812
ETJ1,2022-06-14,94.39419596185891
ETJ1,2022-06-22,345.3350810162699
ETJ1,2022-06-29,316.7746528491691
ETJ1,2022-07-04,189.97647294095498
ETJ1,2022-07-11,255.12960068847934
ETJ1,2022-07-18,557.7607109948788
ETJ1,2022-07-27,550.0
ETJ1,2022-08-01,419.43139569129403
ETJ1,2022-08-10,347.603114282099
ETJ1,2022-08-16,422.2608769651964
ETJ1,2022-08-25,317.5749054139544
ETJ1,2022-08-29,211.7675883579689
ETJ1,2022-09-05,244.18671953650772
ETJ1,2022-09-14,36.0
ETJ1,2022-09-21,83.21244482722798
ETJ1,2022-09-29,46.45545996270502
ETJ1,2022-10-03,63.88222735795336
ETJ1,2022-11-02,20.781631499755424
ETJ1,2022-11-09,36.0
ETJ1,2022-11-16,31.026778231154697
ETJ1,2022-11-23,36.0
ETJ1,2022-11-28,36.0
ETJ1,2022-12-05,36.0
ETJ1,2022-12-14,36.0
ETJ1,2022-12-22,36.0
ETJ1,2022-12-28,36.0
ETJ1,2023-01-02,36.0
ETJ1,2023-01-11,36.0
ETJ1,2023-01-17,36.0
ETJ1,2023-01-23,36.0
ETJ1,2023-01-31,36.0
ETJ1,2023-02-06,36.0
ETJ1,2023-02-14,36.0
ETJ1,2023-02-24,36.0
ETJ1,2023-03-01,36.0
ETJ1,2023-03-06,36.0
ETJ1,2023-03-13,36.0
ETJ1,2023-03-20,36.0
ETJ1,2023-03-28,36.0
ETJ1,2023-04-03,36.0
ETJ1,2023-04-10,36.0
ETJ1,2023-04-19,36.0
ETJ1,2023-04-24,36.0
ETJ1,2023-05-03,36.0
ETJ1,2023-05-09,64.9607599175449
ETJ1,2023-05-15,36.0
ETJ1,2023-05-22,36.0
ETJ1,2023-05-29,36.0
ETJ1,2023-06-05,36.0
ETJ1,2023-06-12,61.2444809607712
ETJ1,2023-06-19,36.0
ETJ1,2023-06-29,36.0
ETJ1,2023-07-03,36.0
ETJ1,2023-07-12,36.0
ETJ1,2023-07-17,36.0
ETJ1,2023-07-24,36.0
ETJ1,2023-07-31,36.0
ETJ1,2023-08-08,36.0
ETJ1,2023-08-17,36.0
ETJ1,2023-08-23,36.0
ETJ1,2023-08-30,36.0
ETJ1,2023-09-06,36.0
ETJ1,2023-09-11,36.0
ETJ1,2023-09-20,36.0
ETJ1,2023-09-27,58.3506400621669
ETJ1,2023-10-04,122.95245527829286
ETJ1,2023-10-18,36.0
ETJ1,2023-10-30,36.0
ETJ1,2023-11-08,36.0
ETJ1,2023-11-13,36.0
ETJ1,2023-11-21,36.0
ETJ1,2023-11-30,36.0
ETJ1,2023-12-04,36.0
ETJ1,2023-12-11,36.0
ETJ1,2023-12-19,36.0
ETJ1,2024-01-03,36
ETJ1,2024-01-23,36
ETJ1,2024-02-05,36
ETJ1,2024-02-12,36
ETJ1,2024-02-19,36
ETJ1,2024-02-28,36
ETJ1,2024-03-13,36
ETJ1,2024-03-20,36
ETJ1,2024-03-25,36
ETJ1,2024-04-01,36
ETJ1,2024-04-08,36
ETJ1,2024-04-16,36
ETJ1,2024-04-16,36
ETJ1,2024-04-29,36
ETJ1,2024-05-06,36
ETJ1,2024-05-13,36
ETJ1,2024-05-20,36
ETJ1,2024-05-27,36
ETJ1,2024-06-03,36
ETJ1,2024-06-11,36
ETJ1,2024-06-17,36
ETJ1,2024-06-24,36
ETJ1,2024-07-03,36
ETJ1,2024-07-10,36
ETJ1,2024-07-16,36
ETJ1,2024-07-22,146.654148799505
ETJ1,2024-07-30,197.051471446735
ETJ1,2024-08-08,179.110097881983
ETJ1,2024-08-12,134.402748525937
ETJ1,2024-08-20,126.599966424038
ETJ1,2024-08-26,60.0945246908815
ETJ1,2024-09-05,76.2868309333378
ETJ1,2024-09-11,102.30037044431
ETJ1,2024-09-16,60.2541376237726
ETJ1,2024-09-25,62.6288288251999
ETJ1,2024-09-30,54.3099710758633
ETJ1,2024-10-10,76.7521899899729
ETJ1,2024-10-16,73.0640809085925
ETJ1,2024-10-21,55.4150872792342
ETJ1,2024-10-28,61.5909674174537
ETJ1,2024-11-04,36
ETJ1,2024-11-12,36
ETJ1,2024-11-20,36
ETJ1,2024-11-25,36
ETJ1,2024-12-05,36
ETJ1,2024-12-10,36
ETJ1,2024-12-16,36
ETJ1,2025-01-06,36.0
ETJ1,2025-01-13,36.0
ETJ1,2025-01-22,36.0
ETJ1,2025-01-29,36.0
ETJ1,2025-02-05,36.0
ETJ1,2025-02-11,36.0
ETJ1,2025-02-19,36.0
ETJ1,2025-02-25,36.0
ETJ1,2025-03-03,36.0
ETJ1,2025-03-13,36.0
ETJ1,2025-03-17,36.0
ETJ1,2025-03-27,36.0
ETJ1,2025-04-03,36.0
ETJ1,2025-04-09,36.0
ETJ1,2025-04-14,36.0
ETJ1,2025-04-22,36.0
ETJ1,2025-04-28,36.0
ETJ1,2025-05-07,36.0
ETJ1,2025-05-14,36.0
ETJ1,2025-05-19,36.0
ETJ1,2025-05-27,51.3319520352977
ETJ1,2025-06-03,105.920389422785
ETJ1,2025-06-12,130.889977083528
ETJ1,2025-06-18,453.230323707609
ETJ1,2025-06-25,189.273655028635
ETJ1,2025-07-01,124.352210614662
ETJ1,2025-07-07,142.58801448412
ETJ1,2025-07-17,79.572292062485
ETJ1,2025-07-24,77.053186311094
ETJ1,2025-07-28,59.2634221646821
ETJ1,2025-08-07,36.0
ETJ1,2025-08-13,36.0
ETJ1,2025-08-21,82.4966465163952
ETJ1,2025-08-25,67.8468021994068
ETJ1,2025-09-01,55.7859722934161
ETJ1,2025-09-10,36.0
ETJ1,2025-09-15,36.0
ETJ1,2025-09-25,36.0
ETJ1,2025-10-01,36.0
ETJ1,2025-10-08,36.0
ETJ1,2025-10-13,36.0
ETJ1,2025-10-20,36.0
ETJ1,2025-10-28,82.42353003458163
ETJ1,2025-11-04,86.33728816457736
ETJ1,2025-11-10,76.4774185019765
FAR1,2021-01-13,36.0
FAR1,2021-01-27,36.0
FAR1,2021-02-02,36.0
FAR1,2021-02-18,36.0
FAR1,2021-03-01,36.0
FAR1,2021-03-10,36.0
FAR1,2021-03-15,36.0
FAR1,2021-03-29,36.0
FAR1,2021-04-07,36.0
FAR1,2021-04-12,36.0
FAR1,2021-04-20,36.0
FAR1,2021-05-05,36.0
FAR1,2021-05-18,36.0
FAR1,2021-06-08,36.0
FAR1,2021-06-23,91.0
FAR1,2021-07-01,36.0
FAR1,2021-07-13,76.0
FAR1,2021-07-21,36.0
FAR1,2021-07-26,36.0
FAR1,2021-08-03,36.0
FAR1,2021-08-10,36.0
FAR1,2021-08-17,36.0
FAR1,2021-08-25,36.0
FAR1,2021-08-30,36.0
FAR1,2021-09-08,36.0
FAR1,2021-09-14,36.0
FAR1,2021-09-27,36.0
FAR1,2021-10-13,36.0
FAR1,2021-10-20,36.0
FAR1,2021-10-25,36.0
FAR1,2021-11-02,36.0
FAR1,2021-11-08,36.0
FAR1,2021-11-17,36.0
FAR1,2021-11-23,36.0
FAR1,2021-12-09,36.0
FAR1,2021-12-21,36.0
FAR1,2022-01-18,36.0
FAR1,2022-01-25,36.0
FAR1,2022-02-01,36.0
FAR1,2022-02-09,36.0
FAR1,2022-02-16,36.0
FAR1,2022-02-23,36.0
FAR1,2022-03-31,36.0
FAR1,2022-04-12,36.0
FAR1,2022-04-20,36.0
FAR1,2022-05-03,36.0
FAR1,2022-05-12,36.0
FAR1,2022-06-01,104.0721924799985
FAR1,2022-06-15,124.93426646711612
FAR1,2022-06-28,36.0
FAR1,2022-07-26,36.0
FAR1,2022-08-02,36.0
FAR1,2022-08-09,36.0
FAR1,2022-08-18,36.0
FAR1,2022-09-15,36.0
FAR1,2022-12-14,36.0
FAR1,2022-12-21,36.0
FAR1,2022-12-27,36.0
FAR1,2023-01-04,36.0
FAR1,2023-01-11,36.0
FAR1,2023-02-08,67.0
FAR1,2023-03-01,36.0
FAR1,2023-04-10,110.142034806216
FAR1,2023-04-26,54.701943095667
FAR1,2023-05-03,36.0
FAR1,2023-05-10,36.0
FAR1,2023-05-18,36.0
FAR1,2023-05-23,36.0
FAR1,2023-05-31,36.0
FAR1,2023-06-06,36.0
FAR1,2023-09-27,55.3039423435314
L5b,2021-01-06,36.0
L5b,2021-01-13,36.0
L5b,2021-01-20,36.0
L5b,2021-01-26,36.0
L5b,2021-02-03,36.0
L5b,2021-02-10,36.0
L5b,2021-02-17,36.0
L5b,2021-02-24,65.2844118942345
L5b,2021-03-02,179.27679618241035
L5b,2021-03-11,126.11930891563401
L5b,2021-03-17,114.66385678918925
L5b,2021-03-22,36.0
L5b,2021-03-29,36.0
L5b,2021-04-05,36.0
L5b,2021-04-15,36.0
L5b,2021-04-20,56.55760301697063
L5b,2021-04-26,329.313726457355
L5b,2021-05-05,122.54514612619548
L5b,2021-05-13,36.0
L5b,2021-05-19,99.0628741777285
L5b,2021-05-25,93.93744017923152
L5b,2021-05-31,142.0
L5b,2021-06-08,95.64624667978282
L5b,2021-06-30,102.0
L5b,2021-07-02,253.3046040787298
L5b,2021-07-07,177.0
L5b,2021-07-13,361.42858801252316
L5b,2021-07-22,207.86578150812437
L5b,2021-07-28,348.1240730840009
L5b,2021-08-11,265.9059298196241
L5b,2021-08-16,211.91323753017957
L5b,2021-08-23,311.53422055955906
L5b,2021-08-30,203.0131216753561
L5b,2021-09-07,174.2040061235036
L5b,2021-09-14,198.44883477950273
L5b,2021-09-20,205.1948170778853
L5b,2021-09-28,214.22207993632603
L5b,2021-10-06,97.27728235498188
L5b,2021-10-12,70.42185800518013
L5b,2021-10-19,167.30194499685513
L5b,2021-10-27,104.29102168651113
L5b,2021-11-03,64.69447289953862
L5b,2021-11-11,63.26802961093612
L5b,2021-11-19,36.0
L5b,2021-11-23,36.0
L5b,2021-11-29,36.0
L5b,2021-12-07,36.0
L5b,2021-12-14,36.0
L5b,2021-12-21,36.0
L5b,2021-12-27,36.0
L5b,2022-01-04,68.0
L5b,2022-01-10,36.0
L5b,2022-01-18,36.0
L5b,2022-01-24,36.0
L5b,2022-02-01,36.0
L5b,2022-02-07,36.0
L5b,2022-02-16,36.0
L5b,2022-02-24,36.0
L5b,2022-02-28,36.0
L5b,2022-03-09,36.0
L5b,2022-03-16,36.0
L5b,2022-03-22,91.38193378239387
L5b,2022-03-30,36.0
L5b,2022-04-06,36.0
L5b,2022-04-11,36.0
L5b,2022-04-19,56.34250589768037
L5b,2022-04-27,88.08099815610638
L5b,2022-05-03,58.81291560780062
L5b,2022-05-10,392.51792057301003
L5b,2022-05-17,129.0
L5b,2022-05-25,352.0
L5b,2022-06-01,340.59362220557125
L5b,2022-06-06,231.81777360687624
L5b,2022-06-14,272.33217597653436
L5b,2022-06-22,220.94358792302165
L5b,2022-06-29,550.0
L5b,2022-07-04,550.0
L5b,2022-07-11,192.08938409194286
L5b,2022-07-18,259.71605952390723
L5b,2022-07-27,550.0
L5b,2022-08-01,550.0
L5b,2022-08-10,382.13125655855487
L5b,2022-08-16,564.2346958781327
L5b,2022-08-25,550.0
L5b,2022-08-29,550.0
L5b,2022-09-05,505.91883992397175
L5b,2022-09-14,285.0036810505039
L5b,2022-09-21,491.5461224332631
L5b,2022-09-29,309.23139133048
L5b,2022-10-03,379.3853864822456
L5b,2022-10-17,264.0
L5b,2022-11-02,123.15126769837627
L5b,2022-11-09,126.79295058390024
L5b,2022-11-16,132.954011735302
L5b,2022-11-23,29.984329800019346
L5b,2022-11-28,66.8219336272452
L5b,2022-12-05,52.00413232594237
L5b,2022-12-14,43.5515317189347
L5b,2022-12-22,36.0
L5b,2022-12-28,36.0
L5b,2023-01-02,36.0
L5b,2023-01-11,36.0
L5b,2023-01-17,36.0
L5b,2023-01-23,36.0
L5b,2023-01-31,36.0
L5b,2023-02-06,36.0
L5b,2023-02-14,36.0
L5b,2023-02-24,36.0
L5b,2023-03-01,36.0
L5b,2023-03-06,36.0
L5b,2023-03-13,36.0
L5b,2023-03-20,36.0
L5b,2023-03-28,36.0
L5b,2023-04-03,55.4905095710739
L5b,2023-04-10,123.178728652226
L5b,2023-04-19,117.206147577016
L5b,2023-04-24,67.7600370327144
L5b,2023-05-03,217.805603948387
L5b,2023-05-08,395.634932770959
L5b,2023-05-15,137.457828821904
L5b,2023-05-22,57.3304754632184
L5b,2023-05-29,108.372986850795
L5b,2023-06-05,389.506156108306
L5b,2023-06-12,207.067132005847
L5b,2023-06-19,146.231117391804
L5b,2023-06-29,73.6720489982873
L5b,2023-07-03,56.0
L5b,2023-07-04,59.0
L5b,2023-07-12,75.0
L5b,2023-07-17,254.296671001804
L5b,2023-07-24,253.129831174433
L5b,2023-07-31,147.959204982691
L5b,2023-08-08,110.984058872354
L5b,2023-08-17,245.508929233008
L5b,2023-08-23,246.380993268037
L5b,2023-08-30,182.39245559585
L5b,2023-09-11,63.0273870664616
L5b,2023-09-20,184.468831020905
L5b,2023-09-27,550.0
L5b,2023-10-04,550.0
L5b,2023-10-30,266.22923796889273
L5b,2023-11-08,165.42527065201656
L5b,2023-11-13,151.49244071324526
L5b,2023-11-21,36.0
L5b,2023-11-30,107.46209481509777
L5b,2023-12-04,96.07228727876705
L5b,2023-12-11,99.44766589256983
L5b,2023-12-19,36.0
L5b,2023-12-27,36.0
L5b,2024-01-03,67.6606510858476
L5b,2024-01-08,63.7888419143017
L5b,2024-01-18,67.7027823086936
L5b,2024-01-31,109.190037432254
L5b,2024-02-05,72.4820329528603
L5b,2024-02-12,69.1359133412248
L5b,2024-02-19,36
L5b,2024-02-28,36
L5b,2024-03-04,71.3319061161939
L5b,2024-03-13,36
L5b,2024-03-20,81.8801608416214
L5b,2024-03-25,36
L5b,2024-04-01,36
L5b,2024-04-08,36
L5b,2024-04-16,36
L5b,2024-04-22,36
L5b,2024-04-29,36
L5b,2024-05-06,36
L5b,2024-05-14,36
L5b,2024-05-20,57.7642774045849
L5b,2024-05-27,36
L5b,2024-06-03,50.5350083206054
L5b,2024-06-11,36
L5b,2024-06-17,36
L5b,2024-06-24,36
L5b,2024-07-03,80.8480084776964
L5b,2024-07-10,36
L5b,2024-07-16,141.76275
L5b,2024-07-22,421.569315610198
L5b,2024-07-30,661.289799914969
L5b,2024-08-08,355.21226497393
L5b,2024-08-12,325.734260725449
L5b,2024-08-20,550
L5b,2024-08-26,278.965985742829
L5b,2024-09-05,666.73558337691
L5b,2024-09-11,302.313206577395
L5b,2024-09-16,240.843641542184
L5b,2024-09-25,268.907584246879
L5b,2024-09-30,378.693044719431
L5b,2024-10-10,283.49498775677
L5b,2024-10-16,223.591055793934
L5b,2024-10-21,236.647654236263
L5b,2024-10-28,300.96103754955
L5b,2024-11-04,174.615094504652
L5b,2024-11-13,74.6012926016675
L5b,2024-11-20,36
L5b,2024-11-25,36
L5b,2024-12-05,36
L5b,2024-12-10,36
L5b,2024-12-16,36
L5b,2024-12-26,36
L5b,2025-01-02,36.0
L5b,2025-01-06,36.0
L5b,2025-01-13,36.0
L5b,2025-01-22,36.0
L5b,2025-01-29,36.0
L5b,2025-02-05,36.0
L5b,2025-02-11,36.0
L5b,2025-02-19,36.0
L5b,2025-02-25,60.6782533477399
L5b,2025-03-03,36.0
L5b,2025-03-13,36.0
L5b,2025-03-17,36.0
L5b,2025-03-27,36.0
L5b,2025-04-03,36.0
L5b,2025-04-09,36.0
L5b,2025-04-14,56.8655863479291
L5b,2025-04-22,36.0
L5b,2025-04-28,36.0
L5b,2025-05-07,36.0
L5b,2025-05-14,36.0
L5b,2025-05-19,36.0
L5b,2025-05-27,135.195706663851
L5b,2025-06-03,247.571644368675
L5b,2025-06-12,235.947804294019
L5b,2025-06-18,312.238543214064
L5b,2025-06-25,531.98146777198
L5b,2025-07-01,218.144207704579
L5b,2025-07-07,413.551272667081
L5b,2025-07-17,196.161538397061
L5b,2025-07-24,220.445849452867
L5b,2025-07-28,159.483091507812
L5b,2025-08-07,93.5217866797794
L5b,2025-08-13,344.408679350316
L5b,2025-08-21,309.218625396325
L5b,2025-08-25,348.446993370051
L5b,2025-09-01,220.663577124677
L5b,2025-09-10,93.2263245212427
L5b,2025-09-15,76.0
L5b,2025-09-25,64.5809043548214
L5b,2025-10-01,54.52706991597438
L5b,2025-10-08,36.0
L5b,2025-10-13,36.0
L5b,2025-10-20,187.3959280555336
L5b,2025-10-28,167.97399587027513
L5b,2025-11-04,179.933368139719
L5b,2025-11-10,289.0849661738075
L7c1,2021-01-04,36.0
L7c1,2021-01-11,36.0
L7c1,2021-01-17,36.0
L7c1,2021-01-26,36.0
L7c1,2021-02-01,36.0
L7c1,2021-02-08,36.0
L7c1,2021-02-14,36.0
L7c1,2021-02-23,36.0
L7c1,2021-02-28,36.0
L7c1,2021-03-09,119.34539339333787
L7c1,2021-03-15,36.0
L7c1,2021-03-22,36.0
L7c1,2021-04-06,56.382872770342246
L7c1,2021-04-12,36.0
L7c1,2021-04-20,36.0
L7c1,2021-04-26,75.86271032389563
L7c1,2021-05-03,36.0
L7c1,2021-05-10,36.0
L7c1,2021-05-17,36.0
L7c1,2021-05-31,36.0
L7c1,2021-06-07,36.0
L7c1,2021-06-14,104.88199732697107
L7c1,2021-06-21,158.25223161303566
L7c1,2021-06-28,83.0
L7c1,2021-07-05,72.0
L7c1,2021-07-12,74.0
L7c1,2021-07-20,36.0
L7c1,2021-07-26,36.0
L7c1,2021-08-02,36.0
L7c1,2021-08-09,36.0
L7c1,2021-08-16,36.0
L7c1,2021-08-24,56.112242705322885
L7c1,2021-08-30,124.30195694580826
L7c1,2021-09-06,162.58221595773898
L7c1,2021-09-11,114.99110959040998
L7c1,2021-09-13,176.06003299640122
L7c1,2021-09-14,188.57416642935615
L7c1,2021-09-16,193.64865428689464
L7c1,2021-09-18,36.0
L7c1,2021-09-20,94.967833079786
L7c1,2021-09-27,148.78014782499366
L7c1,2021-10-06,36.0
L7c1,2021-10-12,25.33386691870845
L7c1,2021-10-19,36.0
L7c1,2021-10-25,36.0
L7c1,2021-11-02,36.0
L7c1,2021-11-08,36.0
L7c1,2021-11-15,36.0
L7c1,2021-11-22,36.0
L7c1,2021-11-29,36.0
L7c1,2021-12-06,36.0
L7c1,2021-12-13,36.0
L7c1,2021-12-23,61.0
L7c1,2022-01-03,36.0
L7c1,2022-01-10,36.0
L7c1,2022-01-17,36.0
L7c1,2022-01-24,36.0
L7c1,2022-01-31,36.0
L7c1,2022-02-07,36.0
L7c1,2022-02-14,36.0
L7c1,2022-02-21,36.0
L7c1,2022-02-28,36.0
L7c1,2022-03-07,36.0
L7c1,2022-03-15,36.0
L7c1,2022-03-23,36.0
L7c1,2022-03-31,36.0
L7c1,2022-04-06,36.0
L7c1,2022-04-09,36.0
L7c1,2022-04-18,36.0
L7c1,2022-04-26,62.206943546286624
L7c1,2022-05-03,74.39608044460024
L7c1,2022-05-10,36.0
L7c1,2022-05-16,352.0
L7c1,2022-05-24,345.0
L7c1,2022-05-31,550.0
L7c1,2022-06-07,550.0
L7c1,2022-06-14,171.75119900218863
L7c1,2022-06-21,105.16058964277299
L7c1,2022-06-28,142.57994743894537
L7c1,2022-07-05,72.32648608112525
L7c1,2022-07-19,147.06859978359114
L7c1,2022-07-26,106.24763425427288
L7c1,2022-08-02,94.18032827998915
L7c1,2022-08-09,88.26266273985298
L7c1,2022-08-16,36.0
L7c1,2022-08-22,36.0
L7c1,2022-08-29,61.18603145673775
L7c1,2022-09-05,65.04122192592749
L7c1,2022-09-11,36.0
L7c1,2022-09-20,36.0
L7c1,2022-09-26,96.65208865142654
L7c1,2022-10-03,36.0
L7c1,2022-10-11,90.0
L7c1,2022-10-17,119.0
L7c1,2022-10-25,112.0
L7c1,2022-11-02,77.02498277682426
L7c1,2022-11-08,36.0
L7c1,2022-11-15,36.0
L7c1,2022-11-22,36.0
L7c1,2022-11-29,36.0
L7c1,2022-12-06,36.0
L7c1,2022-12-10,36.0
L7c1,2022-12-20,36.0
L7c1,2022-12-27,36.0
L7c1,2023-01-03,36.0
L7c1,2023-01-10,36.0
L7c1,2023-01-16,36.0
L7c1,2023-01-24,36.0
L7c1,2023-01-31,36.0
L7c1,2023-02-07,36.0
L7c1,2023-02-19,36.0
L7c1,2023-02-28,36.0
L7c1,2023-03-07,36.0
L7c1,2023-03-13,36.0
L7c1,2023-03-21,36.0
L7c1,2023-03-28,36.0
L7c1,2023-04-04,36.0
L7c1,2023-04-11,67.2201087200695
L7c1,2023-04-19,135.26996338027
L7c1,2023-04-26,124.917590719481
L7c1,2023-05-02,73.9241477934635
L7c1,2023-05-15,36.0
L7c1,2023-06-20,69.6098287015287
L7c1,2023-06-27,36.0
L7c1,2023-07-11,36.0
L7c1,2023-07-18,36.0
L7c1,2023-07-26,36.0
L7c1,2023-08-01,36.0
L7c1,2023-08-08,36.0
L7c1,2023-08-16,36.0
L7c1,2023-08-22,62.027724874638
L7c1,2023-08-29,60.0742375968239
L7c1,2023-09-05,36.0
L7c1,2023-09-12,36.0
L7c1,2023-09-19,53.3456187028844
L7c1,2023-09-26,36.0
L7c1,2023-10-03,64.60922626894799
L7c1,2023-10-10,36.0
L7c1,2023-10-17,36.0
L7c1,2023-10-24,36.0
L7c1,2023-11-07,36.0
L7c1,2023-11-14,36.0
L7c1,2023-11-21,36.0
L7c1,2023-11-28,36.0
L7c1,2023-12-05,36.0
L7c1,2023-12-12,36.0
L7c1,2023-12-19,36.0
L7c1,2024-01-04,36
L7c1,2024-01-09,68.8655542827993
L7c1,2024-01-16,36
L7c1,2024-01-23,36
L7c1,2024-01-30,36
L7c1,2024-02-06,36
L7c1,2024-02-14,36
L7c1,2024-02-20,36
L7c1,2024-03-05,36
L7c1,2024-03-12,36
L7c1,2024-03-19,36
L7c1,2024-03-26,77.2619967088148
L7c1,2024-04-02,90.8068594157031
L7c1,2024-04-09,36
L7c1,2024-04-16,203.723720779535
L7c1,2024-04-30,413.989629018575
L7c1,2024-05-07,70.0678372429065
L7c1,2024-05-21,36
L7c1,2024-06-18,36
L7c1,2024-06-25,36
L7c1,2024-07-02,36
L7c1,2024-07-09,36
L7c1,2024-07-16,36
L7c1,2024-07-23,121.533463097894
L7c1,2024-07-30,129.602247196417
L7c1,2024-08-06,187.352469814318
L7c1,2024-08-13,321.197225382417
L7c1,2024-08-20,147.871709710892
L7c1,2024-08-27,247.00155271025
L7c1,2024-09-03,138.151662256594
L7c1,2024-09-10,118.402968859997
L7c1,2024-09-17,103.639788514567
L7c1,2024-09-24,63.7178659645146
L7c1,2024-10-01,80.3672647665548
L7c1,2024-10-08,36
L7c1,2024-10-15,36
L7c1,2024-10-22,70.3972037151114
L7c1,2024-10-29,66.9955967303243
L7c1,2024-11-05,57.3026866984177
L7c1,2024-11-12,36
L7c1,2024-11-19,36
L7c1,2024-11-26,36
L7c1,2024-12-04,36
L7c1,2024-12-10,36
L7c1,2024-12-30,36.0
L7c1,2025-01-07,36.0
L7c1,2025-01-14,36.0
L7c1,2025-01-28,36.0
L7c1,2025-02-04,36.0
L7c1,2025-02-11,36.0
L7c1,2025-02-18,36.0
L7c1,2025-02-25,36.0
L7c1,2025-03-07,36.0
L7c1,2025-03-18,36.0
L7c1,2025-03-25,36.0
L7c1,2025-04-08,36.0
L7c1,2025-04-15,108.46684729704
L7c1,2025-04-22,36.0
L7c1,2025-05-06,36.0
L7c1,2025-05-13,36.0
L7c1,2025-05-20,36.0
L7c1,2025-05-27,36.0
L7c1,2025-06-02,59.0945835699775
L7c1,2025-06-12,60.5514180734204
L7c1,2025-06-17,36.0
L7c1,2025-07-01,228.639119781855
L7c1,2025-07-08,125.123455154042
L7c1,2025-07-15,65.2821877363565
L7c1,2025-07-29,58.4260234487916
L7c1,2025-08-05,36.0
L7c1,2025-08-12,36.0
L7c1,2025-08-26,36.0
L7c1,2025-09-02,36.0
L7c1,2025-09-09,36.0
L7c1,2025-09-16,36.0
L7c1,2025-09-23,36.0
L7c1,2025-09-30,71.2235700597985
L7c1,2025-10-07,63.14260319364124
L7c1,2025-10-14,36.0
L7c1,2025-10-21,139.1690878440655
L7c1,2025-10-28,75.52357319567362
L7c1,2025-11-04,68.64673303260338
LAG,2021-01-05,36.0
LAG,2021-01-12,36.0
LAG,2021-01-19,36.0
LAG,2021-01-26,36.0
LAG,2021-02-02,36.0
LAG,2021-02-09,36.0
LAG,2021-02-16,36.0
LAG,2021-02-23,36.0
LAG,2021-03-02,36.0
LAG,2021-03-08,36.0
LAG,2021-03-16,36.0
LAG,2021-03-22,36.0
LAG,2021-03-30,36.0
LAG,2021-04-06,36.0
LAG,2021-04-13,36.0
LAG,2021-04-20,36.0
LAG,2021-04-27,36.0
LAG,2021-05-04,36.0
LAG,2021-05-11,36.0
LAG,2021-05-18,36.0
LAG,2021-05-25,36.0
LAG,2021-06-01,36.0
LAG,2021-06-08,36.0
LAG,2021-08-30,108.776365673548
LAG,2021-09-07,164.20618231256492
LAG,2021-09-14,152.78136241900464
LAG,2021-09-21,257.55025230284525
LAG,2021-09-28,174.2195262641946
LAG,2021-10-06,58.18379594176637
LAG,2021-10-12,36.0
LAG,2021-10-19,83.52200504891037
LAG,2021-10-26,36.0
LAG,2021-11-02,36.0
LAG,2021-11-09,36.0
LAG,2021-11-16,36.0
LAG,2021-11-23,36.0
LAG,2021-12-07,36.0
LAG,2021-12-13,36.0
LAG,2021-12-21,36.0
LAG,2021-12-28,36.0
LAG,2022-01-04,61.0
LAG,2022-01-11,36.0
LAG,2022-01-18,36.0
LAG,2022-01-25,36.0
LAG,2022-02-01,36.0
LAG,2022-02-08,36.0
LAG,2022-02-15,36.0
LAG,2022-02-22,36.0
LAG,2022-02-28,36.0
LAG,2022-03-08,36.0
LAG,2022-03-24,36.0
LAG,2022-04-05,36.0
LAG,2022-04-12,36.0
LAG,2022-04-19,36.0
LAG,2022-04-26,36.0
LAG,2022-05-03,36.0
LAG,2022-05-17,352.0
LAG,2022-06-21,161.40484388863547
LAG,2022-06-28,36.0
LAG,2022-07-05,66.05046268165376
LAG,2022-07-12,36.0
LAG,2022-07-19,65.38714122228187
LAG,2022-07-26,54.56001701624462
LAG,2022-08-02,36.0
LAG,2022-08-16,36.0
LAG,2022-08-23,36.0
LAG,2022-08-30,96.03923255794818
LAG,2022-09-13,36.0
LAG,2022-09-20,36.0
LAG,2022-09-27,69.69428314929338
LAG,2022-10-03,36.0
LAG,2022-10-11,104.0
LAG,2022-10-18,325.0
LAG,2022-11-02,121.47430995160713
LAG,2022-11-08,60.19263155921388
LAG,2022-11-15,36.0
LAG,2022-11-29,36.0
LAG,2022-12-06,36.0
LAG,2022-12-13,36.0
LAG,2022-12-27,36.0
LAG,2023-01-10,36.0
LAG,2023-01-17,36.0
LAG,2023-01-24,36.0
LAG,2023-01-31,36.0
LAG,2023-02-07,36.0
LAG,2023-02-15,36.0
LAG,2023-02-28,36.0
LAG,2023-03-07,36.0
LAG,2023-03-14,36.0
LAG,2023-03-21,36.0
LAG,2023-04-04,36.0
LAG,2023-04-11,153.192590518639
LAG,2023-04-19,101.288180700318
LAG,2023-04-26,148.65923733012
LAG,2023-05-02,113.496155017419
LAG,2023-05-09,96.2365914458969
LAG,2023-06-06,36.0
LAG,2023-06-13,117.803775013144
LAG,2023-06-20,88.4101709423085
LAG,2023-06-27,36.0
LAG,2023-07-04,57.0
LAG,2023-07-11,36.0
LAG,2023-07-18,36.0
LAG,2023-07-26,36.0
LAG,2023-08-01,36.0
LAG,2023-08-17,36.0
LAG,2023-08-22,61.4797045357513
LAG,2023-08-29,62.1047790622362
LAG,2023-09-05,72.1240515421455
LAG,2023-09-12,36.0
LAG,2023-09-19,65.3809832054185
LAG,2023-10-03,66.36241010193751
LAG,2023-10-10,51.555019073479
LAG,2023-10-17,36.0
LAG,2023-10-24,36.0
LAG,2023-10-31,36.0
LAG,2023-11-07,36.0
LAG,2023-11-14,36.0
LAG,2023-11-21,36.0
LAG,2023-11-28,36.0
LAG,2023-12-19,36.0
LAG,2024-01-09,36
LAG,2024-01-23,36
LAG,2024-02-06,36
LAG,2024-02-14,36
LAG,2024-02-20,36
LAG,2024-02-27,36
LAG,2024-03-05,36
LAG,2024-03-12,36
LAG,2024-03-26,74.9514405672741
LAG,2024-04-02,36
LAG,2024-04-09,68.9403915002471
LAG,2024-04-15,64.5940494737819
LAG,2024-04-30,80.4541554409229
LAG,2024-12-17,36
LAL,2021-01-06,36.0
LAL,2021-01-13,36.0
LAL,2021-01-20,36.0
LAL,2021-01-26,36.0
LAL,2021-02-03,36.0
LAL,2021-02-10,36.0
LAL,2021-02-18,36.0
LAL,2021-02-24,78.9611753671555
LAL,2021-03-02,81.76360283986062
LAL,2021-03-11,71.05226784901299
LAL,2021-03-17,144.69390093034423
LAL,2021-03-22,36.0
LAL,2021-03-29,77.82064720247763
LAL,2021-04-05,130.8299565625
LAL,2021-04-07,127.802867422646
LAL,2021-04-12,36.0
LAL,2021-04-20,36.0
LAL,2021-04-26,61.47363370304538
LAL,2021-05-05,36.0
LAL,2021-05-13,36.0
LAL,2021-05-19,36.0
LAL,2021-05-25,36.0
LAL,2021-05-31,36.0
LAL,2021-06-08,80.62490903075955
LAL,2021-06-16,74.09180539021783
LAL,2021-06-30,36.0
LAL,2021-07-07,36.0
LAL,2021-07-12,78.0
LAL,2021-07-22,36.0
LAL,2021-07-28,36.0
LAL,2021-08-02,36.0
LAL,2021-08-11,36.0
LAL,2021-08-16,36.0
LAL,2021-08-23,36.0
LAL,2021-08-30,58.99999999999999
LAL,2021-09-07,36.0
LAL,2021-09-14,36.0
LAL,2021-09-20,36.0
LAL,2021-09-28,36.0
LAL,2021-10-06,36.0
LAL,2021-10-12,36.0
LAL,2021-10-19,36.0
LAL,2021-10-27,36.0
LAL,2021-11-03,36.0
LAL,2021-11-11,36.0
LAL,2021-11-19,36.0
LAL,2021-11-23,36.0
LAL,2021-11-29,36.0
LAL,2021-12-07,71.86237658094025
LAL,2021-12-14,36.0
LAL,2021-12-21,36.0
LAL,2021-12-27,61.310456377407256
LAL,2022-01-04,36.0
LAL,2022-01-10,51.737512421096376
LAL,2022-01-18,36.0
LAL,2022-01-24,36.0
LAL,2022-02-01,36.0
LAL,2022-02-07,36.0
LAL,2022-02-16,219.0571438085074
LAL,2022-02-21,203.44619653597977
LAL,2022-02-24,152.08926766620277
LAL,2022-02-28,198.72366244418055
LAL,2022-03-09,69.29873297007026
LAL,2022-03-16,36.0
LAL,2022-03-22,36.0
LAL,2022-03-30,36.0
LAL,2022-04-06,36.0
LAL,2022-04-11,36.0
LAL,2022-04-19,36.0
LAL,2022-04-27,36.0
LAL,2022-05-03,36.0
LAL,2022-05-10,36.0
LAL,2022-05-17,36.0
LAL,2022-05-25,107.0
LAL,2022-06-01,62.969706501775384
LAL,2022-06-06,36.0
LAL,2022-06-14,36.0
LAL,2022-06-22,36.0
LAL,2022-06-29,36.0
LAL,2022-07-05,36.0
LAL,2022-07-11,61.84792094539335
LAL,2022-07-18,97.11049180852915
LAL,2022-07-27,36.0
LAL,2022-08-01,28.62958711908855
LAL,2022-08-10,36.0
LAL,2022-08-16,36.0
LAL,2022-08-25,36.0
LAL,2022-08-29,25.584853752470472
LAL,2022-09-05,36.0
LAL,2022-09-14,36.0
LAL,2022-09-21,36.0
LAL,2022-09-29,36.0
LAL,2022-10-03,36.0
LAL,2022-10-12,36.0
LAL,2022-10-17,36.0
LAL,2022-10-26,113.0
LAL,2022-11-02,36.0
LAL,2022-11-09,36.0
LAL,2022-11-16,36.0
LAL,2022-11-23,36.0
LAL,2022-11-28,36.0
LAL,2022-12-05,36.0
LAL,2022-12-14,36.0
LAL,2022-12-22,36.0
LAL,2022-12-28,36.0
LAL,2023-01-02,36.0
LAL,2023-01-11,36.0
LAL,2023-01-18,36.0
LAL,2023-01-23,36.0
LAL,2023-02-01,36.0
LAL,2023-02-06,36.0
LAL,2023-02-15,36.0
LAL,2023-02-24,36.0
LAL,2023-03-01,36.0
LAL,2023-03-06,36.0
LAL,2023-03-13,36.0
LAL,2023-03-20,36.0
LAL,2023-03-28,36.0
LAL,2023-04-03,36.0
LAL,2023-04-10,36.0
LAL,2023-04-19,36.0
LAL,2023-04-24,36.0
LAL,2023-05-03,36.0
LAL,2023-05-09,36.0
LAL,2023-05-15,36.0
LAL,2023-05-22,36.0
LAL,2023-05-29,36.0
LAL,2023-06-05,36.0
LAL,2023-06-12,36.0
LAL,2023-06-19,36.0
LAL,2023-06-29,36.0
LAL,2023-07-03,36.0
LAL,2023-07-12,36.0
LAL,2023-07-17,36.0
LAL,2023-07-24,36.0
LAL,2023-07-31,36.0
LAL,2023-08-09,36.0
LAL,2023-08-17,36.0
LAL,2023-08-23,36.0
LAL,2023-08-30,36.0
LAL,2023-09-06,36.0
LAL,2023-09-11,36.0
LAL,2023-09-20,90.1283721016055
LAL,2023-09-26,107.983852609666
LAL,2023-10-04,90.3216930701165
LAL,2023-10-09,36.0
LAL,2023-10-18,36.0
LAL,2023-10-23,36.0
LAL,2023-10-30,36.0
LAL,2023-11-08,36.0
LAL,2023-11-14,59.68318630763213
LAL,2023-11-21,36.0
LAL,2023-11-28,63.94515723273699
LAL,2023-12-04,137.1918478462065
LAL,2023-12-11,527.5247809896525
LAL,2023-12-19,550.0
LAL,2024-01-03,352
LAL,2024-01-22,292.669780082922
LAL,2024-01-30,180.88066521759
LAL,2024-02-05,97.7310040005267
LAL,2024-02-12,99.7183040526036
LAL,2024-02-19,36
LAL,2024-02-28,36
LAL,2024-03-04,65.9320994900442
LAL,2024-03-13,36
LAL,2024-03-20,36
LAL,2024-03-25,36
LAL,2024-04-01,36
LAL,2024-04-10,36
LAL,2024-04-16,36
LAL,2024-04-22,36
LAL,2024-04-29,36
LAL,2024-05-06,36
LAL,2024-05-14,36
LAL,2024-05-20,36
LAL,2024-05-27,36
LAL,2024-06-05,36
LAL,2024-06-11,36
LAL,2024-06-17,36
LAL,2024-06-24,36
LAL,2024-07-03,36
LAL,2024-07-10,36
LAL,2024-07-16,36
LAL,2024-07-22,36
LAL,2024-07-31,47.4251391734763
LAL,2024-08-08,36
LAL,2024-08-12,36
LAL,2024-08-20,36
LAL,2024-08-26,36
LAL,2024-09-02,36
LAL,2024-09-11,36
LAL,2024-09-16,36
LAL,2024-09-25,36
LAL,2024-09-30,36
LAL,2024-10-09,36
LAL,2024-10-16,36
LAL,2024-10-21,36
LAL,2024-10-28,36
LAL,2024-11-04,36
LAL,2024-11-13,36
LAL,2024-11-20,36
LAL,2024-11-25,36
LAL,2024-12-05,36
LAL,2024-12-10,36
LAL,2024-12-16,36
LAL,2025-01-06,36.0
LAL,2025-01-13,36.0
LAL,2025-01-22,36.0
LAL,2025-01-29,36.0
LAL,2025-02-05,36.0
LAL,2025-02-11,36.0
LAL,2025-02-19,36.0
LAL,2025-02-26,36.0
LAL,2025-03-03,36.0
LAL,2025-03-13,36.0
LAL,2025-03-17,36.0
LAL,2025-03-27,36.0
LAL,2025-04-03,36.0
LAL,2025-04-09,36.0
LAL,2025-04-14,36.0
LAL,2025-04-22,36.0
LAL,2025-04-28,36.0
LAL,2025-05-07,36.0
LAL,2025-05-14,36.0
LAL,2025-05-19,36.0
LAL,2025-05-27,36.0
LAL,2025-06-03,36.0
LAL,2025-06-12,36.0
LAL,2025-06-18,36.0
LAL,2025-06-25,36.0
LAL,2025-06-30,36.0
LAL,2025-07-07,36.0
LAL,2025-07-17,36.0
LAL,2025-07-24,36.0
LAL,2025-07-28,36.0
LAL,2025-08-07,36.0
LAL,2025-08-13,36.0
LAL,2025-08-21,36.0
LAL,2025-08-25,154.130613678664
LAL,2025-09-01,178.049306529112
LAL,2025-09-10,36.0
LAL,2025-09-15,36.0
LAL,2025-09-25,36.0
LAL,2025-10-01,36.0
LAL,2025-10-08,36.0
LAL,2025-10-13,36.0
LAL,2025-10-20,36.0
LAL,2025-10-27,36.0
LAL,2025-11-05,36.0
LAL,2025-11-10,36.0
LAg,2023-08-08,36.0
POR2,2021-01-12,36.0
POR2,2021-01-26,36.0
POR2,2021-02-02,36.0
POR2,2021-02-09,36.0
POR2,2021-02-16,36.0
POR2,2021-02-23,36.0
POR2,2021-03-02,36.0
POR2,2021-03-09,36.0
POR2,2021-03-16,36.0
POR2,2021-03-23,150.73972609483664
POR2,2021-03-30,36.0
POR2,2021-04-06,137.06716412363102
POR2,2021-04-13,36.0
POR2,2021-04-20,135.46838081842162
POR2,2021-04-27,36.0
POR2,2021-05-04,36.0
POR2,2021-05-11,36.0
POR2,2021-05-18,36.0
POR2,2021-05-25,36.0
POR2,2021-06-01,80.0
POR2,2021-06-22,218.2480507866137
POR2,2021-06-29,85.0
POR2,2021-07-06,36.0
POR2,2021-07-20,57.862143296614875
POR2,2021-07-27,36.0
POR2,2021-08-10,36.0
POR2,2021-08-17,36.0
POR2,2021-08-31,90.47750411023574
POR2,2021-09-07,36.0
POR2,2021-09-14,126.29229714115237
POR2,2021-09-21,36.0
POR2,2021-09-21,36.0
POR2,2021-09-28,67.37934028311825
POR2,2021-10-06,36.0
POR2,2021-10-19,58.43284896152749
POR2,2021-11-02,36.0
POR2,2021-11-16,36.0
POR2,2021-11-23,36.0
POR2,2021-12-07,36.0
POR2,2021-12-14,36.0
POR2,2021-12-28,36.0
POR2,2022-01-04,36.0
POR2,2022-01-18,36.0
POR2,2022-01-25,36.0
POR2,2022-02-01,36.0
POR2,2022-02-08,36.0
POR2,2022-02-15,36.0
POR2,2022-02-22,36.0
POR2,2022-03-08,36.0
POR2,2022-04-05,36.0
POR2,2022-04-12,36.0
POR2,2022-04-19,36.0
POR2,2022-04-26,82.490565631931
POR2,2022-05-03,36.0
POR2,2022-05-17,305.0
POR2,2022-05-31,336.8346436058513
POR2,2022-06-07,253.35862724160776
POR2,2022-06-14,84.02856403503087
POR2,2022-06-21,84.01922220509313
POR2,2022-06-28,59.58984210520426
POR2,2022-07-05,36.0
POR2,2022-07-12,36.0
POR2,2022-07-19,63.05255406547725
POR2,2022-07-26,36.0
POR2,2022-08-02,36.0
POR2,2022-08-02,36.0
POR2,2022-08-09,36.0
POR2,2022-08-16,36.0
POR2,2022-08-23,36.0
POR2,2022-09-20,57.89632430107062
POR2,2022-09-27,60.59976527270925
POR2,2022-10-11,88.0
POR2,2022-10-18,352.0
POR2,2022-11-02,254.5839718438499
POR2,2022-11-08,62.72765703392862
POR2,2022-11-22,36.0
POR2,2022-11-29,36.0
POR2,2022-12-06,36.0
POR2,2022-12-13,36.0
POR2,2022-12-27,36.0
POR2,2023-01-10,36.0
POR2,2023-01-17,36.0
POR2,2023-01-24,36.0
POR2,2023-02-07,36.0
POR2,2023-02-15,36.0
POR2,2023-02-20,36.0
POR2,2023-02-28,36.0
POR2,2023-03-07,36.0
POR2,2023-03-21,36.0
POR2,2023-04-11,93.9703907971389
POR2,2023-04-19,160.085375926685
POR2,2023-04-26,117.045784535437
POR2,2023-05-02,75.799938413199
POR2,2023-05-09,168.620838946538
POR2,2023-05-16,36.0
POR2,2023-05-23,58.3477951777174
POR2,2023-06-06,36.0
POR2,2023-06-13,157.853586057334
POR2,2023-06-20,36.0
POR2,2023-06-27,36.0
POR2,2023-07-04,36.0
POR2,2023-07-18,36.0
POR2,2023-08-01,36.0
POR2,2023-08-17,36.0
POR2,2023-08-22,36.0
POR2,2023-08-29,36.0
POR2,2023-09-12,36.0
POR2,2023-09-19,36.0
POR2,2023-10-03,36.0
POR2,2023-10-17,36.0
POR2,2023-10-24,36.0
POR2,2023-11-07,36.0
POR2,2023-11-14,36.0
POR2,2023-11-28,36.0
POR2,2023-12-12,36.0
POR2,2024-01-16,62.0874575936994
POR2,2024-01-30,64.0253072869914
POR2,2024-02-14,36
POR2,2024-02-20,67.2914361500542
POR2,2024-02-27,36
POR2,2024-03-05,36
POR2,2024-03-12,36
POR2,2024-04-02,36
POR2,2024-04-09,67.2323075937903
POR2,2024-04-30,117.437078501034
POR2,2024-05-07,36
POR2,2024-05-14,51.7762672273141
POR2,2024-05-21,62.6329897237394
POR2,2024-05-28,36
POR2,2024-06-04,36
POR2,2024-06-18,36
POR2,2024-07-02,36
POR2,2024-07-23,112.70562952244
POR2,2024-08-06,97.3982202549438
POR2,2024-08-13,151.138971653783
POR2,2024-08-20,76.6524123134673
POR2,2024-09-03,36
POR2,2024-09-17,64.2612627617907
POR2,2024-10-01,124.177553687399
POR2,2024-10-15,36
POR2,2024-11-05,53.0039179482587
POR2,2024-11-19,36
POR2,2024-11-26,36
POR2,2024-12-10,36
POR2,2024-12-30,36.0
POR2,2025-01-07,36.0
POR2,2025-01-14,36.0
POR2,2025-01-28,36.0
POR2,2025-02-04,36.0
POR2,2025-02-25,36.0
POR2,2025-03-18,36.0
POR2,2025-04-01,36.0
POR2,2025-04-22,36.0
POR2,2025-05-06,36.0
POR2,2025-06-12,92.0022820599665
POR2,2025-06-17,36.0
POR2,2025-07-22,36.0
POR2,2025-08-26,36.0
POR2,2025-09-16,36.0
POR2,2025-10-28,65.07966346433588
RIAV1,2021-01-13,54.275928740404574
RIAV1,2021-01-18,142.72027033815704
RIAV1,2021-01-27,57.1190796307863
RIAV1,2021-02-01,36.0
RIAV1,2021-02-08,36.0
RIAV1,2021-03-01,30.657885309334805
RIAV1,2021-03-08,155.58646980887136
RIAV1,2021-03-15,140.69463194911737
RIAV1,2021-03-23,34.61454846284641
RIAV1,2021-03-29,77.21018750298748
RIAV1,2021-04-05,124.03068613547936
RIAV1,2021-04-12,36.0
RIAV1,2021-04-20,25.39744341164655
RIAV1,2021-04-27,99.41328322889518
RIAV1,2021-05-04,198.04109370250904
RIAV1,2021-05-11,92.9
RIAV1,2021-05-18,339.8452601499488
RIAV1,2021-05-25,1163.0
RIAV1,2021-05-31,352.0
RIAV1,2021-06-07,352.0
RIAV1,2021-06-15,352.0
RIAV1,2021-06-29,352.0
RIAV1,2021-07-06,36.0
RIAV1,2021-07-13,538.95672061628
RIAV1,2021-07-19,608.0084543106736
RIAV1,2021-07-27,612.7383854602368
RIAV1,2021-08-02,550.0
RIAV1,2021-08-10,550.0
RIAV1,2021-08-18,550.0
RIAV1,2021-09-07,550.0
RIAV1,2021-09-13,550.0
RIAV1,2021-09-21,550.0
RIAV1,2021-09-28,550.0
RIAV1,2021-10-06,342.3596485157297
RIAV1,2021-10-12,485.76173649019063
RIAV1,2021-10-19,342.4687823872755
RIAV1,2021-10-26,389.0820677951285
RIAV1,2021-11-03,283.8283422836486
RIAV1,2021-11-10,336.07828664161633
RIAV1,2021-11-17,327.07198606614315
RIAV1,2021-11-24,209.349792137902
RIAV1,2021-11-29,287.64343353513317
RIAV1,2021-12-06,153.84394149280723
RIAV1,2021-12-21,122.47678425386769
RIAV1,2021-12-27,123.44012303575286
RIAV1,2022-01-05,79.60482629183092
RIAV1,2022-02-09,39.5314282459023
RIAV1,2022-02-16,36.0
RIAV1,2022-02-23,36.0
RIAV1,2022-02-28,36.0
RIAV1,2022-03-09,36.0
RIAV1,2022-03-16,73.8073071533335
RIAV1,2022-03-23,252.99525047467498
RIAV1,2022-03-30,233.76881746595325
RIAV1,2022-04-06,128.34151245416376
RIAV1,2022-04-11,71.67606785588987
RIAV1,2022-04-21,62.66238171452475
RIAV1,2022-04-27,75.26026368865325
RIAV1,2022-05-04,36.0
RIAV1,2022-05-09,36.0
RIAV1,2022-05-18,214.0
RIAV1,2022-05-25,323.0
RIAV1,2022-06-01,292.76656917921105
RIAV1,2022-06-07,262.53966541721786
RIAV1,2022-06-14,697.8260215156108
RIAV1,2022-06-20,550.0
RIAV1,2022-06-29,550.0
RIAV1,2022-08-10,550.0
RIAV1,2022-09-28,550.0
RIAV1,2022-11-09,118.42707837899371
RIAV1,2022-11-16,368.91368569190485
RIAV1,2022-11-23,73.04695941679043
RIAV1,2022-11-29,79.22824104602503
RIAV1,2022-12-06,76.29401464888808
RIAV1,2022-12-21,57.68216673732825
RIAV1,2023-01-04,41.9805795234232
RIAV1,2023-01-11,28.0966848696265
RIAV1,2023-01-17,49.1976557922032
RIAV1,2023-01-22,95.57834633637398
RIAV1,2023-01-25,36.7281648453034
RIAV1,2023-01-31,110.0
RIAV1,2023-02-08,116.0
RIAV1,2023-02-14,31.0687849910694
RIAV1,2023-02-22,36.0
RIAV1,2023-02-28,41.0465072201723
RIAV1,2023-03-07,36.0
RIAV1,2023-03-14,220.0
RIAV1,2023-03-21,239.605181770449
RIAV1,2023-03-29,214.373792650511
RIAV1,2023-04-03,177.636780324419
RIAV1,2023-04-12,109.485597024409
RIAV1,2023-04-19,68.3166674177272
RIAV1,2023-04-26,74.7978074883441
RIAV1,2023-05-03,84.2768684648029
RIAV1,2023-05-10,93.7006192495366
RIAV1,2023-05-17,80.9168218157114
RIAV1,2023-05-24,36.0
RIAV1,2023-05-31,65.3326468469926
RIAV1,2023-06-05,550.0
RIAV1,2023-06-13,321.226009023755
RIAV1,2023-06-21,191.055331140004
RIAV1,2023-06-27,153.015054242669
RIAV1,2023-07-05,139.0
RIAV1,2023-07-11,34.9736208646247
RIAV1,2023-08-09,550.0
RIAV1,2023-08-16,550.0
RIAV1,2023-08-22,550.0
RIAV1,2023-08-30,550.0
RIAV1,2023-09-04,550.0
RIAV1,2023-09-12,550.0
RIAV1,2023-09-20,829.208680678622
RIAV1,2023-09-26,1042.28466260162
RIAV1,2023-10-02,441.4242466206775
RIAV1,2023-10-11,212.17186156321384
RIAV1,2023-11-15,155.4766656789504
RIAV1,2023-11-28,117.78640424834396
RIAV1,2023-12-05,23.104081038946273
RIAV1,2023-12-13,36.34336136229735
RIAV1,2023-12-19,36.0
RIAV1,2023-12-27,122.0
RIAV1,2024-01-03,117.473449999186
RIAV1,2024-01-24,143.312062632706
RIAV1,2024-01-31,116.902433547054
RIAV1,2024-02-07,101.560304317263
RIAV1,2024-02-14,148.194288210859
RIAV1,2024-02-20,137.961220670395
RIAV1,2024-02-28,75.4264063885892
RIAV1,2024-03-05,114.513107806027
RIAV1,2024-03-13,67.0899029429086
RIAV1,2024-03-20,89.2408370885942
RIAV1,2024-03-25,75.7632640170379
RIAV1,2024-04-02,115.962460717186
RIAV1,2024-04-10,36
RIAV1,2024-04-17,36
RIAV1,2024-04-22,36
RIAV1,2024-04-29,36
RIAV1,2024-05-08,36
RIAV1,2024-05-14,226.957078667133
RIAV1,2024-05-20,215.897961241401
RIAV1,2024-05-22,106.348541996666
RIAV1,2024-05-27,82.313609366855
RIAV1,2024-06-05,36
RIAV1,2024-06-12,85.4280210325549
RIAV1,2024-06-19,55.2989424497266
RIAV1,2024-06-26,36
RIAV1,2024-07-02,124.98008757693
RIAV1,2024-07-09,550
RIAV1,2024-07-24,550
RIAV1,2024-07-30,550
RIAV1,2024-08-07,550
RIAV1,2024-08-12,550
RIAV1,2024-08-19,550
RIAV1,2024-09-03,550
RIAV1,2024-09-09,597.077995019872
RIAV1,2024-09-16,532.176291704782
RIAV1,2024-09-23,550
RIAV1,2024-10-02,720.832543705596
RIAV1,2024-10-07,547.729358622364
RIAV1,2024-10-15,485.85300011295
RIAV1,2024-10-23,412.804149127339
RIAV1,2024-10-29,399.894401107552
RIAV1,2024-11-06,121.927673280628
RIAV1,2024-11-12,153.90208774582
RIAV1,2024-11-20,106.064653202329
RIAV1,2024-11-26,36
RIAV1,2024-12-04,41.4819651186586
RIAV1,2024-12-10,36
RIAV1,2024-12-17,36
RIAV1,2025-01-07,36.0
RIAV1,2025-01-15,36.0
RIAV1,2025-01-21,50.5865636104564
RIAV1,2025-01-29,36.0
RIAV1,2025-02-04,36.0
RIAV1,2025-02-12,36.0
RIAV1,2025-02-19,36.0
RIAV1,2025-02-26,36.0
RIAV1,2025-03-05,36.0
RIAV1,2025-03-12,36.0
RIAV1,2025-03-19,49.0380941686856
RIAV1,2025-03-25,65.3442806761948
RIAV1,2025-04-02,36.0
RIAV1,2025-04-09,50.0464508712775
RIAV1,2025-04-15,169.241542115498
RIAV1,2025-04-21,149.969378702104
RIAV1,2025-04-28,89.0008538615526
RIAV1,2025-05-06,67.9062809493175
RIAV1,2025-05-14,71.5068824117165
RIAV1,2025-05-20,199.705567933907
RIAV1,2025-05-26,267.950713137126
RIAV1,2025-06-04,131.709721696945
RIAV1,2025-06-11,112.568474256615
RIAV1,2025-06-17,119.231667244673
RIAV1,2025-06-25,176.431721731452
RIAV1,2025-06-30,190.836849597651
RIAV1,2025-07-02,157.586719784203
RIAV1,2025-07-09,301.970959144633
RIAV1,2025-07-14,472.328975483913
RIAV1,2025-08-06,677.0
RIAV1,2025-08-11,370.579437410883
RIAV1,2025-08-20,527.307019626848
RIAV1,2025-08-27,550.0
RIAV1,2025-09-03,550.0
RIAV1,2025-09-10,550.0
RIAV1,2025-09-15,550.0
RIAV1,2025-09-23,550.0
RIAV1,2025-09-30,550.0
RIAV1,2025-10-08,550.0
RIAV1,2025-10-14,550.0
RIAV1,2025-10-20,550.0
RIAV1,2025-10-29,550.0
RIAV1,2025-11-05,526.1695340318994
RIAV1,2025-11-10,496.67810303606484
RIAV4,2021-02-16,36.0
RIAV4,2021-02-22,36.0
RIAV4,2021-03-23,36.0
RIAV4,2021-03-29,36.0
RIAV4,2021-04-05,65.89571549687
RIAV4,2021-04-12,36.0
RIAV4,2021-04-20,36.0
RIAV4,2021-04-27,50.83214989025925
RIAV4,2021-05-04,36.0
RIAV4,2021-05-11,76.0
RIAV4,2021-05-18,255.14758670923413
RIAV4,2021-05-25,690.0
RIAV4,2021-06-07,352.0
RIAV4,2021-06-15,338.0
RIAV4,2021-06-29,313.0
RIAV4,2021-07-06,281.0
RIAV4,2021-07-13,266.93391010778225
RIAV4,2021-07-27,639.7655895266095
RIAV4,2021-08-10,550.0
RIAV4,2021-08-18,550.0
RIAV4,2021-09-21,346.9350975643464
RIAV4,2021-10-06,189.51913514614515
RIAV4,2021-10-12,107.44008505072102
RIAV4,2021-10-26,488.86866698479434
RIAV4,2021-11-03,304.8193822801731
RIAV4,2021-11-10,245.3250183972674
RIAV4,2021-11-17,97.90398089026687
RIAV4,2021-11-24,198.76751335139647
RIAV4,2021-12-06,67.44462249265395
RIAV4,2021-12-21,163.8990545848133
RIAV4,2022-01-05,59.471404189203525
RIAV4,2022-02-02,36.0
RIAV4,2022-02-09,36.0
RIAV4,2022-02-16,36.0
RIAV4,2022-02-23,36.0
RIAV4,2022-03-09,36.0
RIAV4,2022-03-16,36.0
RIAV4,2022-03-23,179.98508534153288
RIAV4,2022-03-30,213.2067297614213
RIAV4,2022-04-04,111.94575409714923
RIAV4,2022-04-21,36.0
RIAV4,2022-04-27,36.0
RIAV4,2022-05-04,36.0
RIAV4,2022-05-09,115.08603697647901
RIAV4,2022-05-18,125.0
RIAV4,2022-06-01,180.29399562084416
RIAV4,2022-06-07,163.31579340335588
RIAV4,2022-06-14,275.5483796618416
RIAV4,2022-06-29,550.0
RIAV4,2022-07-04,550.0
RIAV4,2022-07-12,550.0
RIAV4,2022-07-27,550.0
RIAV4,2022-08-10,550.0
RIAV4,2022-09-13,316.2050368927445
RIAV4,2022-09-27,254.968020908687
RIAV4,2022-11-09,50.353487174053875
RIAV4,2022-11-23,52.58750370685192
RIAV4,2022-11-29,41.985423785338874
RIAV4,2022-12-06,55.840727936328676
RIAV4,2022-12-21,34.076374901971576
RIAV4,2023-01-04,36.0
RIAV4,2023-01-11,36.0
RIAV4,2023-01-17,29.805934261005
RIAV4,2023-01-25,70.0
RIAV4,2023-01-31,104.0
RIAV4,2023-02-08,68.0
RIAV4,2023-02-14,36.0
RIAV4,2023-02-22,36.0
RIAV4,2023-02-28,36.0
RIAV4,2023-03-07,36.0
RIAV4,2023-03-14,106.0
RIAV4,2023-03-21,138.888278943012
RIAV4,2023-03-29,153.111486481672
RIAV4,2023-04-03,55.0795261382841
RIAV4,2023-04-11,56.0979331154233
RIAV4,2023-04-19,57.2318524606571
RIAV4,2023-04-26,36.0
RIAV4,2023-05-03,56.5071699093946
RIAV4,2023-05-10,36.0
RIAV4,2023-05-17,36.0
RIAV4,2023-05-24,36.0
RIAV4,2023-05-31,36.0
RIAV4,2023-06-05,321.692302485984
RIAV4,2023-06-13,142.894979392105
RIAV4,2023-06-21,126.315043394082
RIAV4,2023-06-27,36.0
RIAV4,2023-07-05,36.0
RIAV4,2023-07-11,36.0
RIAV4,2023-08-22,550.0
RIAV4,2023-08-30,550.0
RIAV4,2023-09-04,316.361434942732
RIAV4,2023-09-12,355.913
RIAV4,2023-09-19,406.579309427356
RIAV4,2023-09-26,554.523309912492
RIAV4,2023-10-02,390.31043285453376
RIAV4,2023-11-15,101.9555722572083
RIAV4,2023-11-21,117.55722040087753
RIAV4,2023-11-28,105.05814130184592
RIAV4,2023-12-05,135.9959879219801
RIAV4,2023-12-13,36.0
RIAV4,2023-12-19,36.0
RIAV4,2024-01-03,112.851927228042
RIAV4,2024-01-31,115.092910306684
RIAV4,2024-02-07,118.849501014816
RIAV4,2024-02-14,116.293904791025
RIAV4,2024-02-20,159
RIAV4,2024-02-28,79.1020221274913
RIAV4,2024-03-05,114.691159454117
RIAV4,2024-03-13,67.8692817443003
RIAV4,2024-03-20,86.4405174967152
RIAV4,2024-03-25,74.8472603113119
RIAV4,2024-04-02,98.8160381763107
RIAV4,2024-04-10,36
RIAV4,2024-04-17,36
RIAV4,2024-04-22,36
RIAV4,2024-04-29,36
RIAV4,2024-05-08,36
RIAV4,2024-05-14,187.151111961581
RIAV4,2024-05-20,88.3961026893491
RIAV4,2024-05-22,131.021742081516
RIAV4,2024-05-27,72.1287295606115
RIAV4,2024-06-05,36
RIAV4,2024-06-12,57.88590466233
RIAV4,2024-06-19,36
RIAV4,2024-06-26,36
RIAV4,2024-07-02,117.469906803776
RIAV4,2024-07-09,550
RIAV4,2024-07-24,NR
RIAV4,2024-08-07,550
RIAV4,2024-08-20,550
RIAV4,2024-09-03,550
RIAV4,2024-09-09,503.416412168801
RIAV4,2024-09-16,296.982669828965
RIAV4,2024-09-23,350.41546422973
RIAV4,2024-10-02,388.608659029772
RIAV4,2024-10-07,322.832773011258
RIAV4,2024-10-15,287.536929865207
RIAV4,2024-10-23,291.227100940925
RIAV4,2024-10-29,269.174887500077
RIAV4,2024-11-06,94.9471889959979
RIAV4,2024-11-12,90.7847152201773
RIAV4,2024-11-20,36
RIAV4,2024-11-26,36
RIAV4,2024-12-04,36
RIAV4,2024-12-10,36
RIAV4,2024-12-17,36
RIAV4,2025-01-07,36.0
RIAV4,2025-01-15,36.0
RIAV4,2025-01-21,36.0
RIAV4,2025-01-29,36.0
RIAV4,2025-02-04,36.0
RIAV4,2025-02-12,36.0
RIAV4,2025-02-19,36.0
RIAV4,2025-02-26,36.0
RIAV4,2025-03-05,36.0
RIAV4,2025-03-12,36.0
RIAV4,2025-03-19,49.1672109024779
RIAV4,2025-03-25,61.7913023658796
RIAV4,2025-04-02,50.3412732982382
RIAV4,2025-04-09,36.0
RIAV4,2025-04-15,163.006151773803
RIAV4,2025-04-21,131.088729434565
RIAV4,2025-04-28,36.0
RIAV4,2025-05-06,36.0
RIAV4,2025-05-14,67.2100105685385
RIAV4,2025-05-20,144.549454085442
RIAV4,2025-05-28,164.813072456322
RIAV4,2025-06-04,84.538159410827
RIAV4,2025-06-11,69.4053000401528
RIAV4,2025-06-17,68.6033678575143
RIAV4,2025-06-25,102.438948743885
RIAV4,2025-07-02,124.918710581951
RIAV4,2025-07-09,156.403298174442
RIAV4,2025-07-14,177.34633101391
RIAV4,2025-08-06,338.006326439256
RIAV4,2025-08-11,283.328091333908
RIAV4,2025-08-27,586.723226168782
RIAV4,2025-09-10,493.006571498054
RIAV4,2025-09-15,550.0
RIAV4,2025-09-23,550.0
RIAV4,2025-09-30,550.0
RIAV4,2025-10-08,446.26086641952463
RIAV4,2025-10-14,569.3949194983699
RIAV4,2025-10-20,550.0
RIAV4,2025-10-29,550.0
RIAV4,2025-11-05,315.17738931368723
RIAV4,2025-11-10,370.12086111638104
